sample_names,sample_id,cohort,egf,ifnalpha2,ifngamma,il1alpha,il1beta,il4,il6,il8,il10,mip1alpha,tgfalpha,tnfalpha,tnfbeta,hbegf,vegfc,vegfd,ages,sex,race,tobaccouse,packyears,alcoholuse,averageucsf,spontaneouspain135,functionalpain246,bpiphysicalinterferences,bpipsychologicalinterferences,bpi_intensity,functionalscores,symptomscore,globalhealthstatusql2,qlq30score,hn35,pathologicstage,lvi,pni,survival_status,sx_to_lastfu,survival_2yrs,ss
FF301C,FF301C,LLU,29.45,25.24,90.0,6.4,3.95,4.21,3.54,4.14,3.92,25.93,3.32,18.74,10.46,83.27,381.47,263.05,67,female,white_nonhispanic,never,0.0,never,1.5,0.33,0.33,0.0,0,0.0,83.33,19.44,75.0,81.62,30.56,stage_I,no,no,alive,1839,alive,1
FF302C,FF302C,LLU,71.5,9.93,46.35,0.0,0.0,2.33,3.42,4.53,75.2,2.9,1.52,25.54,3.74,75.2,923.75,237.53,68,male,white_nonhispanic,former,52.5,former,68.75,36.67,80.0,21.0,32,23.0,54.33,59.03,16.67,46.11,47.78,stage_IVA,no,yes,alive,1721,alive,4
FF303C,FF303C,LLU,54.54,18.38,54.01,46.49,18.9,1.37,4.15,3.57,98.33,25.05,2.99,22.39,4.83,51.96,490.19,130.47,78,male,white_nonhispanic,never,0.0,current,67.5,63.33,63.33,9.0,4,22.0,39.67,31.25,50.0,57.56,45.68,stage_IVA,yes,no,death,48,death,4
FF304C,FF304C,LLU,132.67,27.47,81.82,6.89,3.95,4.56,9.69,7.29,20.63,20.32,4.31,28.18,9.32,85.47,1148.22,34.22,49,male,white_nonhispanic,current,72.0,current,95.0,86.67,100.0,0.0,0,29.0,0.0,68.75,0.0,19.23,94.44,stage_IVA,no,yes,death,131,death,3
FF305C,FF305C,LLU,28.01,13.63,66.2,5.44,0.92,3.04,2.42,5.44,10.63,17.14,3.98,39.61,5.94,71.54,1113.45,142.55,65,female,white_nonhispanic,former,42.0,never,37.0,11.0,33.67,2.0,10,18.0,82.67,27.08,75.0,76.67,17.44,stage_II,no,no,alive,1679,alive,1
FF306C,FF306C,LLU,66.25,19.54,54.01,2.12,1.38,1.97,17.13,3.91,18.54,7.53,2.54,12.95,2.5,51.6,879.23,80.33,31,male,white_nonhispanic,former,5.0,never,58.75,50.0,66.67,17.0,36,26.0,8.0,75.0,58.33,18.46,71.76,stage_IVB,yes,yes,death,318,death,4
FF307C,FF307C,LLU,76.93,7.36,21.11,1.21,0.0,1.01,1.51,1.48,3.55,0.0,0.2,9.54,1.0,57.37,722.23,169.8,66,male,white_nonhispanic,former,36.0,current,10.75,0.0,20.67,0.0,0,5.0,98.67,6.25,91.67,95.64,10.8,stage_III,no,yes,death,278,death,4
FF308C,FF308C,LLU,16.56,0.04,37.59,0.0,0.0,0.57,1.51,1.11,0.98,0.0,0.06,9.54,13.09,23.14,322.45,142.55,58,female,asian,never,0.0,never,46.63,39.67,43.67,15.0,23,19.0,74.0,11.11,50.0,83.16,27.44,stage_IVA,yes,yes,alive,1765,alive,4
FF310C,FF310C,LLU,36.06,18.38,31.81,12.32,4.57,1.37,3.2,3.21,178.28,14.8,4.09,14.58,4.99,37.99,385.38,272.58,72,male,white_nonhispanic,former,69.0,current,8.0,3.0,8.33,5.0,34,21.0,78.33,38.19,0.0,68.16,49.97,stage_III,no,yes,alive,1758,alive,4
FF312C,FF312C,LLU,65.71,0.04,34.84,0.0,0.0,0.51,2.19,6.1,10.81,7.53,0.2,19.9,2.5,45.49,294.67,292.65,88,male,white_nonhispanic,former,52.0,current,38.75,10.0,50.0,4.0,11,8.0,75.0,18.75,33.33,78.85,27.31,stage_IVB,no,yes,death,997,alive,4
FF313C,FF313C,LLU,3.0,0.0,7.95,0.0,0.0,0.0,19.03,10.88,7.26,0.0,0.0,9.47,5.62,17.54,177.58,790.3,50,male,white_nonhispanic,current,30.0,former,25.13,29.67,20.67,0.0,0,12.0,95.0,10.42,83.33,91.67,19.44,stage_IVA,yes,yes,death,482,death,4
FF314C,FF314C,LLU,158.16,22.98,85.75,10.83,1.83,1.25,8.51,5.16,61.88,11.52,8.81,45.19,1.9,148.31,1126.27,959.23,80,male,white_nonhispanic,never,0.0,former,12.13,4.0,4.0,0.0,0,0.0,92.67,12.5,91.67,89.49,20.37,stage_III,no,no,death,592,death,3
FF316C,FF316C,LLU,143.49,31.87,67.69,7.38,1.83,3.51,3.2,6.71,5.4,20.32,2.88,15.7,7.22,62.81,1483.84,409.66,80,female,white_hispanic,never,0.0,never,25.0,23.33,26.67,12.0,6,24.0,86.0,7.64,100.0,89.91,46.2,stage_I,no,no,alive,1625,alive,2
FF317C,FF317C,LLU,63.78,3.27,33.25,0.76,0.0,1.07,0.59,3.11,1.34,0.0,0.82,14.65,2.81,39.77,290.69,135.96,62,male,white_nonhispanic,never,0.0,never,85.0,83.33,86.67,8.0,9,23.0,72.33,21.53,41.67,76.11,57.41,stage_II,no,yes,alive,1592,alive,2
FF319C,FF319C,LLU,25.22,8.66,28.22,0.76,0.0,1.01,13.3,1.03,13.26,0.67,1.29,22.54,1.3,47.29,545.87,195.75,63,male,black_hispanic,former,20.0,former,37.5,36.67,36.67,20.0,11,40.0,80.0,18.75,100.0,80.77,27.31,stage_IVB,no,no,alive,1406,alive,3
FF320C,FF320C,LLU,40.04,34.05,48.99,4.48,1.83,1.97,3.54,3.11,17.03,16.0,9.8,23.88,4.36,84.74,714.71,138.16,97,male,white_hispanic,never,0.0,current,,,,,,,,,,,,stage_IVB,no,no,death,84,death,4
FF321C,FF321C,LLU,79.3,6.04,32.39,0.76,0.0,1.61,4.1,2.85,15.33,5.52,1.52,20.44,6.26,41.91,582.16,356.63,81,female,black_hispanic,former,20.0,former,64.0,39.0,75.0,27.0,36,25.0,24.33,36.11,33.33,48.68,50.93,stage_IVA,no,no,death,253,death,3
FF323C,FF323C,LLU,3.0,0.04,27.5,0.0,0.0,0.26,2.08,1.63,41.69,0.0,0.33,16.84,1.0,28.42,23.08,464.4,81,male,white_nonhispanic,former,35.0,current,27.5,3.33,16.67,14.0,11,12.0,74.0,32.64,75.0,69.91,53.67,stage_IVA,yes,no,death,51,death,4
FF324C,FF324C,LLU,53.74,22.98,35.85,11.32,4.57,2.39,3.76,3.18,16.09,25.49,7.49,16.23,7.38,109.56,472.83,167.63,66,female,white_nonhispanic,never,0.0,never,33.75,20.0,30.0,4.0,18,19.0,83.0,29.17,50.0,75.51,39.41,stage_III,no,no,alive,1582,alive,2
FF325C,FF325C,LLU,19.31,12.41,74.44,8.36,2.69,0.88,4.43,2.95,12.5,14.18,3.32,16.76,5.94,37.63,879.23,177.39,68,male,white_nonhispanic,current,29.0,never,3.75,0.0,0.0,0.0,0,0.0,88.0,12.5,50.0,87.69,12.96,stage_III,no,no,alive,1510,alive,3
FF326C,FF326C,LLU,36.06,13.63,62.02,7.38,1.83,3.04,6.55,4.19,122.29,18.24,5.52,11.05,8.35,44.42,447.68,256.68,52,female,white_nonhispanic,current,35.0,never,83.88,65.0,94.33,10.0,24,25.0,49.33,62.5,33.33,42.05,54.88,stage_IVA,no,yes,alive,1500,alive,2
FF327C,FF327C,LLU,123.85,7.36,91.52,0.0,0.43,2.03,1.8,2.62,3.18,12.89,1.29,14.43,3.74,41.91,591.69,192.52,45,male,black_nonhispanic,never,0.0,never,64.63,58.33,54.33,10.0,39,30.0,22.0,54.17,25.0,36.67,63.67,stage_IVB,yes,yes,alive,1485,alive,5
FF328C,FF328C,LLU,56.28,8.66,32.39,0.0,0.0,0.88,6.44,1.73,14.39,0.0,1.75,14.51,2.81,44.78,1104.29,165.46,68,male,white_nonhispanic,former,5.0,never,95.0,95.0,95.0,22.0,36,32.0,29.33,47.92,16.67,43.33,44.17,stage_IVA,yes,yes,alive,1410,alive,5
FF329C,FF329C,LLU,57.36,8.66,43.13,0.76,0.43,0.76,0.47,1.78,1.71,7.53,0.82,13.84,4.99,44.06,658.11,113.9,72,female,asian,never,0.0,never,0.25,0.67,0.0,0.0,0,3.0,96.67,0.0,91.67,98.72,11.57,stage_I,no,no,alive,1475,alive,2
FF330C,FF330C,LLU,61.22,20.7,79.1,6.4,3.75,3.27,5.77,4.27,8.57,13.55,3.65,10.62,5.31,67.9,804.7,193.59,86,male,white_hispanic,never,0.0,never,92.5,91.67,91.67,19.0,25,32.0,49.0,41.67,91.67,54.74,52.87,stage_III,no,no,death,689,death,4
FF332C,FF332C,LLU,92.72,155.23,85.15,148.11,50.27,10.02,10.87,9.43,179.92,72.64,277.39,8.9,12.1,155.91,230.53,131.57,68,male,asian,former,20.0,never,37.5,26.67,40.0,26.0,26,15.0,19.67,71.53,8.33,25.09,54.2,stage_II,no,no,death,1055,alive,3
FF333C,FF333C,LLU,28.88,0.04,29.22,0.0,0.0,0.64,7.45,6.92,36.88,0.0,0.82,18.97,2.5,46.57,722.23,177.39,65,male,white_nonhispanic,never,0.0,never,48.75,16.67,65.0,4.0,15,24.0,87.33,18.06,58.33,84.02,25.93,stage_IVB,yes,yes,death,433,death,5
FF334C,FF334C,LLU,66.79,8.66,52.24,3.53,0.0,2.45,8.12,5.84,174.6,8.41,2.21,15.4,7.7,48.72,646.75,162.2,60,female,white_nonhispanic,current,5.0,never,75.0,56.67,81.67,24.0,37,29.0,19.0,72.92,25.0,23.97,58.58,stage_IVA,no,yes,alive,634,alive,2
FF338C,FF338C,LLU,0.0,6.04,15.64,2.59,0.0,0.39,16.15,6.02,49.62,19.3,2.88,25.38,1.3,41.91,152.81,157.84,74,female,white_nonhispanic,never,0.0,never,10.0,10.0,10.0,18.0,38,40.0,36.0,60.42,16.67,38.21,74.78,stage_IVB,yes,no,death,665,death,3
FF340C,FF340C,LLU,18.44,4.68,9.85,5.44,0.0,0.57,8.68,3.47,26.15,0.0,1.06,15.93,3.12,27.71,290.69,403.44,53,female,white_nonhispanic,former,20.0,current,61.25,24.67,89.0,0.0,10,23.0,95.0,8.33,83.33,92.95,13.58,stage_III,yes,no,alive,1268,alive,2
FF341C,FF341C,LLU,93.55,3.27,80.61,0.0,0.0,1.43,11.94,9.37,17.79,0.0,1.98,17.98,4.68,75.93,1435.15,127.16,51,female,asian,never,0.0,never,100.0,100.0,100.0,30.0,40,39.0,13.33,83.33,0.0,15.38,62.13,stage_IVB,yes,no,death,330,death,3
FF342C,FF342C,LLU,19.31,11.18,20.69,0.0,0.0,1.07,4.76,6.92,13.26,16.0,1.06,47.59,2.5,41.2,441.86,284.21,66,female,white_nonhispanic,former,20.0,never,60.0,26.67,80.0,24.0,25,22.0,59.0,40.28,41.67,59.44,25.15,stage_I,no,no,alive,1274,alive,1
FF343C,FF343C,LLU,46.88,6.04,24.08,0.76,0.0,1.43,7.67,4.35,3.18,0.0,1.06,16.23,1.75,34.79,406.87,205.43,50,female,white_nonhispanic,never,0.0,former,95.0,86.67,100.0,20.0,40,36.0,20.67,60.42,0.0,32.31,56.94,stage_IVA,yes,no,alive,1282,alive,2
FF344C,FF344C,LLU,0.0,0.0,20.12,0.0,0.0,0.0,8.12,7.4,40.73,0.0,0.0,17.29,0.43,34.08,492.11,173.06,50,male,white_hispanic,never,0.0,never,71.88,63.33,76.67,15.0,27,28.0,77.0,24.31,58.33,76.2,38.52,stage_IVA,no,no,alive,765,alive,3
FF345C,FF345C,LLU,6.56,25.24,14.8,134.75,35.15,0.88,1.63,3.23,2.07,17.69,3.65,15.63,7.22,20.68,191.92,135.96,70,female,black_nonhispanic,former,10.0,never,2.38,3.0,2.0,8.0,6,12.0,86.0,9.03,83.33,89.06,19.91,stage_II,no,no,alive,1123,alive,2
FF346C,FF346C,LLU,57.66,8.66,29.22,14.33,3.54,1.37,8.45,3.16,20.82,9.25,8.59,12.73,1.9,44.06,282.72,71.26,62,male,white_nonhispanic,former,48.0,current,3.75,0.0,0.0,0.0,0,0.0,90.0,20.83,75.0,83.33,19.75,stage_III,no,no,alive,1094,alive,2
FF347C,FF347C,LLU,33.66,126.17,167.77,134.19,70.37,7.5,6.44,6.05,37.65,54.26,223.83,55.05,174.22,92.85,350.07,138.16,48,female,white_hispanic,never,0.0,never,56.25,46.67,46.67,9.0,0,20.0,83.67,23.61,75.0,79.19,27.47,stage_IVA,yes,yes,death,618,death,4
FF348C,FF348C,LLU,18.44,0.0,18.43,0.0,0.0,0.32,11.83,6.0,49.43,0.0,0.0,13.39,0.43,22.44,234.57,118.33,61,female,asian,never,0.0,never,97.5,100.0,93.33,20.0,40,40.0,12.67,66.67,0.0,25.38,60.28,stage_IVA,yes,yes,death,490,death,4
FF349C,FF349C,LLU,17.53,0.04,42.54,0.0,0.0,1.49,0.47,1.78,0.25,10.8,0.46,13.02,3.43,35.5,605.01,83.72,60,male,black_hispanic,never,0.0,never,71.25,65.0,68.33,8.0,26,29.0,45.0,31.25,50.0,59.62,33.21,stage_I,no,no,alive,1137,alive,2
FF350C,FF350C,LLU,60.35,0.0,27.5,0.0,0.0,0.64,33.95,5.29,108.88,0.0,0.06,9.9,1.6,56.65,646.75,160.02,80,female,asian,never,0.0,never,25.63,20.0,21.67,17.0,12,25.0,61.0,33.33,66.67,64.49,37.04,stage_II,no,no,alive,1095,alive,2
FF351C,FF351C,LLU,10.47,0.0,12.59,0.0,0.0,0.13,0.94,3.11,0.98,0.0,0.0,12.36,0.71,17.89,159.02,103.89,69,female,asian,never,0.0,never,2.5,0.0,3.33,0.0,0,13.0,100.0,2.08,75.0,98.72,2.78,stage_I,no,yes,alive,1050,alive,3
FF352C,FF352C,LLU,40.87,25.24,18.15,13.32,2.69,1.25,5.66,5.84,18.36,21.32,9.36,15.78,2.2,51.96,175.52,168.72,36,male,black_hispanic,never,0.0,never,75.0,76.67,76.67,24.0,37,25.0,29.0,72.92,16.67,27.82,44.81,stage_IVA,yes,yes,death,494,death,5
FF353C,FF353C,LLU,3.0,0.04,30.51,0.0,0.0,1.31,7.22,2.8,47.3,2.9,0.33,14.73,1.45,45.13,1126.27,167.63,73,female,white_hispanic,never,0.0,never,0.0,0.0,0.0,0.0,0,6.0,93.67,10.42,66.67,91.15,17.59,stage_I,no,no,death,597,death,2
FF354C,FF354C,LLU,26.49,25.24,47.23,15.84,3.54,1.37,6.66,2.93,98.33,20.82,7.71,15.93,2.81,58.82,432.16,210.8,69,male,white_hispanic,former,10.0,never,4.5,5.0,4.67,0.0,0,0.0,100.0,0.0,100.0,100.0,5.09,stage_IVA,no,no,alive,1085,alive,4
FF355C,FF355C,LLU,41.49,22.98,71.43,28.65,8.33,4.79,3.42,6.71,29.97,17.14,3.43,16.23,7.54,126.41,1073.11,187.12,52,female,black_nonhispanic,former,5.0,never,66.25,41.67,71.67,18.0,40,40.0,22.67,50.69,41.67,39.06,49.07,stage_IVB,no,no,death,379,death,2
FF356C,FF356C,LLU,91.47,0.04,43.71,0.0,0.0,0.76,4.99,3.52,3.55,7.53,0.58,18.51,1.6,71.18,890.37,332.58,87,male,white_nonhispanic,never,0.0,never,62.5,21.67,86.67,15.0,22,35.0,62.67,36.11,41.67,63.42,22.75,stage_III,no,no,death,355,death,3
FF357C,FF357C,LLU,103.11,14.83,76.69,13.82,5.98,1.85,49.12,3.62,275.75,7.53,8.7,16.68,5.31,95.07,1089.62,254.56,69,male,white_nonhispanic,former,8.8,never,61.25,50.0,66.67,13.0,23,23.0,57.33,51.39,50.0,51.97,25.93,stage_IVB,no,yes,alive,1078,alive,4
FF358C,FF358C,LLU,74.25,120.63,51.94,140.31,48.61,9.16,86.17,20.29,706.6,79.29,105.36,55.23,38.68,75.93,140.33,98.31,66,female,white_nonhispanic,never,0.0,never,67.5,61.67,65.0,0.0,0,0.0,77.0,21.53,58.33,77.91,42.31,stage_IVA,no,yes,death,385,death,3
FF359C,FF359C,LLU,35.36,34.05,84.39,9.84,4.36,3.98,11.27,5.81,99.52,24.15,3.87,24.59,7.54,93.96,470.9,84.84,67,male,white_hispanic,never,0.0,never,,,,,,,,,,,,stage_IVB,yes,yes,death,87,death,6
FF360C,FF360C,LLU,23.88,6.04,10.67,10.33,4.36,0.57,5.77,3.47,28.44,12.22,206.05,9.47,1.6,17.19,198.05,109.45,48,female,white_hispanic,never,0.0,never,81.88,68.33,90.0,7.0,15,27.0,60.67,64.58,25.0,45.13,57.99,stage_IVA,yes,yes,death,763,alive,4
FF361C,FF361C,LLU,100.0,0.0,64.4,1.66,0.0,0.57,1.17,7.82,10.44,0.0,1.98,27.62,2.66,74.47,1021.63,449.97,85,male,white_nonhispanic,former,3.0,never,5.63,1.67,10.0,0.0,0,0.0,82.67,10.42,83.33,86.92,30.68,stage_IVA,yes,yes,alive,907,alive,5
FF362C,FF362C,LLU,62.37,27.47,37.16,77.61,25.12,2.09,4.37,4.82,49.43,43.53,20.85,23.96,10.14,43.7,644.86,1553.99,68,female,white_nonhispanic,former,20.0,never,95.0,93.33,93.33,0.0,26,36.0,67.67,29.17,16.67,69.62,33.7,stage_IVA,yes,no,alive,814,alive,3
FF363C,FF363C,LLU,13.86,3.27,68.89,0.76,0.0,1.97,3.54,5.13,3.55,5.52,0.0,26.82,4.36,62.81,1516.24,269.41,55,male,white_nonhispanic,current,5.0,never,70.0,55.0,71.67,2.0,19,17.0,63.33,9.72,66.67,79.91,20.49,stage_I,no,no,alive,1018,alive,1
FF364C,FF364C,LLU,102.73,13.63,39.34,1.21,1.38,1.13,8.34,11.47,612.56,10.8,0.82,8.76,1.6,52.32,408.81,220.44,76,female,white_hispanic,former,20.0,never,31.25,45.0,33.33,7.0,20,16.0,96.67,13.19,75.0,90.6,14.81,stage_IVA,yes,no,alive,1014,alive,4
FF366C,FF366C,LLU,6.56,0.0,18.15,1.66,0.0,1.43,4.88,2.29,9.88,0.0,0.46,24.91,1.0,14.75,161.09,111.68,59,male,asian,never,0.0,former,15.0,8.33,10.0,26.0,25,6.0,68.67,18.06,66.67,76.84,23.15,stage_II,no,no,alive,945,alive,2
FF367C,FF367C,LLU,283.4,22.98,59.49,13.32,6.96,3.1,3.48,3.03,21.2,18.24,4.42,12.07,4.68,110.31,578.35,129.37,30,male,black_hispanic,never,0.0,current,51.88,28.33,70.0,0.0,0,0.0,93.33,9.72,50.0,91.45,4.17,stage_II,no,no,alive,631,alive,2
FF368C,FF368C,LLU,63.78,7.36,65.3,1.21,0.0,1.07,80.23,7.4,32.27,13.55,2.77,26.02,8.19,56.29,629.7,165.46,88,female,white_hispanic,never,0.0,never,85.0,80.0,90.0,12.0,14,30.0,54.0,20.14,50.0,69.91,37.16,stage_IVB,no,no,death,256,death,3
FF369C,FF369C,LLU,10.47,6.04,53.42,0.33,0.0,3.04,0.82,2.95,3.18,4.33,2.88,26.18,3.89,44.78,553.52,532.12,22,female,white_nonhispanic,never,0.0,current,3.75,0.0,0.0,0.0,6,0.0,93.33,1.39,83.33,96.58,0.46,stage_I,no,no,alive,895,alive,0
FF370C,FF370C,LLU,19.31,13.63,13.7,5.44,3.12,1.13,3.09,2.09,15.52,10.8,4.64,13.24,3.12,25.6,220.41,191.44,49,male,white_hispanic,former,30.0,former,82.5,63.33,90.0,20.0,39,35.0,43.67,28.47,58.33,60.81,50.09,stage_II,no,no,alive,846,alive,2
FF371C,FF371C,LLU,8.75,0.04,21.53,0.0,0.0,1.49,0.71,1.71,12.5,7.53,0.0,17.52,1.0,25.95,422.44,283.16,77,male,white_nonhispanic,never,0.0,current,0.0,0.0,0.0,0.0,0,0.0,100.0,0.0,91.67,100.0,11.11,stage_II,no,no,alive,896,alive,2
FF372C,FF372C,LLU,8.75,6.04,10.94,0.0,0.0,0.64,4.99,3.34,1.71,0.67,0.06,10.83,0.71,29.83,524.79,255.62,73,male,black_nonhispanic,former,49.0,never,67.5,60.0,70.0,8.0,0,23.0,98.67,45.83,91.67,71.28,36.27,stage_IVA,yes,yes,alive,874,alive,6
FF373C,FF373C,LLU,23.88,14.83,26.5,7.38,3.12,0.82,4.32,2.19,69.9,16.0,48.23,20.98,3.12,66.08,367.75,162.2,80,female,white_nonhispanic,never,0.0,current,56.25,33.33,53.33,0.0,0,24.0,93.67,27.08,91.67,80.9,44.91,stage_IVB,yes,yes,death,184,death,4
FF374C,FF374C,LLU,6.56,8.66,36.72,2.12,0.0,1.61,1.97,1.01,36.11,0.0,1.75,4.52,1.75,34.08,482.48,259.87,65,female,white_nonhispanic,former,6.0,current,25.0,25.0,25.0,0.0,0,13.0,100.0,0.0,83.33,100.0,10.65,stage_I,no,no,alive,834,alive,1
FF375C,FF375C,LLU,23.88,21.84,104.03,7.38,1.83,3.98,38.01,5.97,103.3,17.14,2.77,20.98,24.19,74.47,1008.74,249.25,74,female,white_hispanic,never,0.0,never,93.75,90.0,100.0,23.0,37,37.0,29.0,60.42,16.67,35.51,64.01,stage_IVB,yes,no,death,263,death,4
FF377C,FF377C,LLU,34.16,22.98,46.64,16.35,9.1,1.01,15.7,6.07,137.79,14.8,12.12,13.91,2.2,43.7,509.43,100.54,65,female,white_hispanic,never,0.0,never,31.25,26.67,30.0,10.0,23,23.0,49.33,31.94,25.0,60.85,39.54,stage_IVA,no,no,death,297,death,3
FF379C,FF379C,LLU,35.12,13.63,52.53,15.33,3.54,6.41,45.19,34.52,436.5,79.51,3.76,66.6,9.0,65.71,840.15,0.0,61,male,white_hispanic,former,30.0,current,28.75,16.67,40.0,12.0,35,17.0,65.67,43.06,33.33,60.3,31.79,stage_IVB,yes,no,death,131,death,4
FF380C,FF380C,LLU,0.0,1.78,41.52,0.0,0.0,1.01,3.98,1.73,12.88,6.57,0.58,11.12,2.66,29.83,938.57,98.31,78,male,black_hispanic,never,0.0,former,25.0,46.67,20.0,0.0,0,20.0,90.0,4.17,33.33,93.59,40.12,stage_I,no,no,alive,679,alive,3
FF381C,FF381C,LLU,16.56,17.21,71.88,2.59,0.92,3.92,19.09,3.47,41.11,13.55,1.87,9.4,6.9,50.16,699.64,162.2,68,female,white_nonhispanic,never,0.0,never,46.25,46.67,50.0,28.0,40,26.0,26.0,58.33,16.67,35.64,58.43,stage_IVB,yes,no,death,56,death,3
FF382C,FF382C,LLU,66.39,22.98,42.4,5.44,4.36,1.67,1.74,6.42,53.5,19.3,2.21,7.64,55.4,31.25,330.35,62.13,73,female,white_nonhispanic,never,0.0,current,35.0,26.67,40.0,0.0,0,12.0,93.33,13.89,83.33,88.89,10.65,stage_I,no,no,alive,695,alive,1
FF383C,FF383C,LLU,14.44,18.38,71.28,2.59,0.92,3.92,5.66,3.44,5.03,14.8,1.64,19.97,9.48,42.63,408.81,157.84,71,male,white_nonhispanic,former,120.0,former,80.0,90.0,90.0,5.0,17,26.0,71.67,53.47,41.67,56.2,34.8,stage_II,no,no,death,268,death,2
FF384C,FF384C,LLU,18.44,44.68,108.32,14.33,7.36,10.93,7.45,8.89,167.85,29.69,5.3,15.7,12.76,138.47,1019.79,98.31,24,male,white_hispanic,former,5.0,current,15.0,3.33,20.0,0.0,9,21.0,95.0,18.06,91.67,86.97,23.15,stage_IVA,no,no,alive,526,alive,3
FF385C,FF385C,LLU,6.56,8.66,50.47,1.66,0.0,2.03,6.61,2.54,20.82,8.41,1.06,13.39,4.99,33.37,677.01,80.33,42,female,white_nonhispanic,never,0.0,current,70.63,91.67,63.33,20.0,40,31.0,44.33,45.83,41.67,50.38,56.02,stage_IVA,no,no,alive,648,alive,1
FF386C,FF386C,LLU,13.25,11.18,25.79,0.76,0.0,1.13,31.25,3.57,23.1,9.25,3.76,16.08,8.51,24.19,369.72,467.49,81,male,white_nonhispanic,never,0.0,never,2.5,3.33,3.33,0.0,0,4.0,96.67,1.39,58.33,97.86,18.14,stage_IVA,no,no,alive,629,alive,3
FF387C,FF387C,LLU,15.54,16.02,38.76,24.52,0.92,1.37,3.2,3.41,0.98,10.8,1.29,16.46,3.74,37.63,834.56,122.75,70,male,white_hispanic,never,0.0,current,36.25,26.67,46.67,8.0,20,28.0,81.67,15.28,50.0,83.55,27.16,stage_IVB,yes,yes,death,293,death,6
FF388C,FF388C,LLU,29.17,8.66,39.63,28.65,11.0,1.49,2.42,2.54,57.39,16.0,2.21,12.95,4.99,42.27,860.63,144.74,64,male,white_nonhispanic,never,0.0,never,0.0,0.0,0.0,0.0,0,0.0,100.0,0.0,91.67,100.0,5.56,stage_II,no,no,alive,676,alive,1
FF389C,FF389C,LLU,7.74,0.04,29.8,0.76,0.0,0.64,5.99,0.79,38.41,13.55,0.06,6.81,1.75,27.36,430.22,71.26,39,female,white_hispanic,current,10.0,current,28.75,16.67,43.33,0.0,13,15.0,88.33,3.47,75.0,93.38,14.81,stage_II,no,no,alive,563,alive,1
FF390C,FF390C,LLU,4.42,1.46,69.19,0.0,0.0,0.46,1.36,2.35,1.25,0.0,0.0,12.17,1.6,0.0,0.0,0.0,68,female,white_hispanic,former,10.0,never,0.0,0.0,0.0,0.0,0,0.0,100.0,0.0,83.33,100.0,0.0,stage_II,no,no,alive,615,alive,2
FF391C,FF391C,LLU,4.42,0.0,9.43,0.0,0.0,0.0,3.84,3.07,34.91,0.0,0.0,16.25,0.64,46.49,722.69,333.94,62,female,white_nonhispanic,never,0.0,never,0.0,0.0,0.0,0.0,0,7.0,100.0,0.0,83.33,100.0,17.13,stage_II,no,no,alive,574,alive,0
FF392C,FF392C,LLU,0.0,0.0,23.49,0.0,0.0,0.33,0.41,1.88,8.48,0.0,3.29,7.37,1.93,18.8,288.38,199.42,50,male,white_nonhispanic,former,22.0,current,100.0,100.0,100.0,0.0,3,40.0,36.67,49.31,66.67,45.3,51.85,stage_IVA,yes,no,alive,559,alive,3
FF393C,FF393C,LLU,0.0,0.0,22.22,4.5,0.0,0.59,6.1,4.09,19.13,1.68,0.0,22.13,1.6,28.73,283.83,219.55,52,female,others,never,0.0,current,25.0,25.0,25.0,0.0,0,11.0,100.0,0.0,100.0,100.0,11.57,stage_IVA,yes,yes,death,107,death,4
FF394C,FF394C,LLU,7.59,18.85,6.58,3.26,1.24,0.46,1.36,0.83,4.13,11.63,2.07,11.21,0.8,13.68,133.58,77.46,66,female,white_nonhispanic,former,25.0,never,6.88,6.67,5.0,2.0,8,15.0,96.67,6.25,95.83,94.87,12.96,stage_I,no,no,alive,575,alive,1
FF395C,FF395C,LLU,0.0,3.19,51.56,0.0,0.0,1.35,11.95,3.94,3.4,0.0,1.43,24.86,2.92,41.67,167.42,20.68,61,male,asian,never,0.0,never,56.25,60.0,60.0,17.0,34,35.0,38.33,48.61,0.0,46.37,59.07,stage_IVA,yes,no,death,200,death,4
FF396C,FF396C,LLU,20.42,26.54,98.97,8.22,4.38,4.81,1.88,2.97,19.5,18.0,5.26,9.26,6.64,68.81,1264.92,435.4,65,male,white_nonhispanic,current,40.0,current,18.75,20.0,20.0,0.0,15,11.0,85.0,34.72,66.67,72.86,31.17,stage_I,no,no,alive,585,alive,2
FF397C,FF397C,LLU,4.42,4.79,30.46,0.0,0.0,1.22,21.65,13.25,91.98,0.0,2.07,9.99,1.93,43.48,344.7,71.34,70,female,white_nonhispanic,former,50.0,never,36.25,26.67,46.67,6.0,18,22.0,61.67,45.83,50.0,57.05,66.93,stage_IVA,no,yes,death,263,death,3
FF398C,FF398C,LLU,73.54,280.21,114.16,201.14,57.68,8.71,12.01,15.99,7.03,100.13,28.12,29.75,15.4,38.96,267.86,1306.56,65,female,white_nonhispanic,former,90.0,former,0.0,0.0,0.0,0.0,3,0.0,93.33,0.0,50.0,97.44,0.49,stage_I,no,no,alive,554,alive,1
FF500C,FF500C,LLU,11.45,4.79,55.95,0.0,0.75,1.97,13.35,4.4,12.87,5.43,1.56,13.0,3.92,34.15,272.43,184.01,67,female,white_nonhispanic,former,20.0,current,60.63,45.0,53.33,7.0,19,28.0,73.33,28.47,41.67,72.22,29.17,stage_IVB,yes,yes,death,15,death,4
FF501C,FF501C,LLU,0.0,4.79,14.38,0.0,0.0,0.84,25.56,3.48,42.96,0.0,0.73,13.97,1.93,47.69,521.9,103.65,60,male,white_nonhispanic,current,45.0,current,85.0,73.33,90.0,5.0,38,24.0,14.0,81.25,0.0,16.92,60.39,stage_IVB,yes,yes,alive,540,alive,4
FF502C,FF502C,LLU,38.01,288.54,112.5,76.78,28.21,6.58,4.51,5.29,114.55,37.92,13.18,14.4,17.17,65.79,500.38,377.84,76,male,white_nonhispanic,never,0.0,never,46.88,30.0,51.67,5.0,10,24.0,96.67,12.5,83.33,91.03,15.28,stage_III,no,yes,alive,555,alive,4
FF503C,FF503C,LLU,0.0,7.82,55.95,0.0,0.0,0.72,44.24,5.03,64.67,5.43,0.23,14.61,3.58,40.17,836.44,197.5,65,female,white_nonhispanic,current,50.0,never,65.0,60.0,80.0,12.0,31,27.0,43.33,72.22,33.33,33.76,54.91,stage_I,no,no,alive,554,alive,1
FF504C,FF504C,LLU,17.62,21.45,59.03,16.89,3.52,1.91,1.99,1.25,17.28,19.8,2.32,11.41,5.11,50.71,549.76,64.16,54,male,white_hispanic,never,0.0,current,50.0,40.0,46.67,5.0,13,21.0,75.0,18.75,70.83,78.85,27.78,stage_I,no,no,alive,493,alive,2
FF505C,FF505C,LLU,4.42,16.19,37.93,3.26,2.18,1.85,12.13,3.96,12.5,7.87,1.56,20.49,3.08,29.03,360.3,211.9,81,male,white_nonhispanic,former,0.0,never,30.0,0.0,33.33,3.0,6,18.0,98.33,14.58,50.0,90.38,16.67,stage_IVA,no,no,alive,556,alive,3
FF506C,FF506C,LLU,0.0,4.79,45.74,0.0,0.0,0.46,0.85,6.67,1.25,5.43,0.0,20.19,2.58,37.46,554.04,331.13,68,male,white_nonhispanic,current,80.0,never,41.25,33.33,33.33,2.0,10,25.0,93.33,20.83,66.67,84.62,33.33,stage_II,no,yes,alive,539,alive,3
FF507C,FF507C,LLU,17.62,7.82,80.01,11.94,1.24,2.1,15.93,2.92,23.19,5.43,2.32,15.39,12.21,56.74,590.24,193.65,42,male,white_nonhispanic,never,0.0,never,41.25,30.0,40.0,15.0,37,25.0,38.33,47.92,16.67,46.79,61.11,stage_IVA,yes,yes,death,78,death,4
FF508C,FF508C,LLU,38.25,24.01,58.88,58.9,22.35,2.1,13.84,8.55,103.14,28.92,12.61,18.28,12.92,39.26,760.09,77.46,43,female,white_hispanic,former,1.0,current,63.63,47.67,79.67,20.0,30,27.0,62.0,43.75,16.67,58.46,44.88,stage_III,yes,yes,death,593,death,4
FF509C,FF509C,LLU,7.59,10.7,67.12,7.6,1.72,2.35,2.1,3.58,20.6,11.63,4.57,13.62,9.76,41.97,233.31,129.43,71,female,white_nonhispanic,never,0.0,never,66.25,61.67,56.67,28.0,36,33.0,22.0,34.72,58.33,48.63,58.33,stage_IVA,yes,yes,death,82,death,4
FF510C,FF510C,LLU,29.0,4.79,81.34,26.79,12.49,2.22,1.78,2.52,73.23,25.15,5.14,7.17,5.96,50.71,489.58,121.53,23,male,white_nonhispanic,never,0.0,current,88.13,85.0,90.0,15.0,33,28.0,83.33,34.72,66.67,72.22,37.04,stage_IVA,yes,yes,death,256,death,4
FF511C,FF511C,LLU,0.0,1.46,28.18,0.0,0.0,0.2,2.52,4.56,56.15,0.0,0.0,20.27,0.33,40.47,393.54,1003.99,81,female,white_nonhispanic,never,0.0,never,40.0,40.0,66.67,4.0,13,26.0,85.0,22.92,50.0,80.13,39.58,stage_I,no,no,alive,501,alive,1
FF512C,FF512C,LLU,0.0,0.0,57.12,0.0,0.0,1.47,0.95,3.94,7.39,0.0,0.0,16.68,1.28,38.06,384.7,718.83,73,male,white_nonhispanic,never,0.0,current,72.5,80.0,80.0,8.0,24,25.0,73.33,44.44,33.33,62.39,53.98,stage_IVA,yes,yes,alive,421,alive,5
FF513C,FF513C,LLU,4.42,1.46,24.63,0.0,0.0,0.2,4.23,1.61,29.13,0.0,0.0,10.93,0.33,30.84,251.79,163.67,83,male,white_nonhispanic,never,0.0,former,52.5,80.0,33.33,0.0,11,26.0,66.67,22.22,41.67,73.5,57.75,stage_IVA,yes,yes,death,253,death,5
FF514C,FF514C,LLU,0.0,10.7,21.94,5.74,1.48,0.53,2.85,3.4,8.12,16.07,1.95,47.32,3.58,38.66,286.1,46.5,78,male,white_nonhispanic,former,30.0,never,30.63,0.0,60.0,2.0,20,29.0,88.33,25.0,41.67,80.13,33.33,stage_IVA,no,yes,death,165,death,4
FF515C,FF515C,LLU,4.42,0.0,68.89,5.74,2.18,1.85,12.62,13.33,52.0,22.05,2.57,20.12,7.33,91.21,1141.86,298.27,83,male,white_nonhispanic,former,45.0,former,53.75,33.33,66.67,6.0,18,27.0,100.0,22.92,66.67,85.9,20.22,stage_IVA,yes,yes,death,268,death,5
FF516C,FF516C,LLU,14.26,16.19,28.46,0.0,1.24,1.72,0.95,4.82,3.76,11.63,1.02,10.26,5.96,59.75,452.71,274.68,72,female,white_hispanic,never,0.0,never,85.0,76.67,90.0,8.0,29,29.0,85.33,38.19,41.67,70.85,29.41,stage_I,no,no,alive,385,alive,2
FF517C,FF517C,LLU,25.43,16.19,65.65,0.0,2.18,1.16,16.68,1.95,68.28,22.05,2.07,11.62,11.16,33.25,386.91,448.36,67,male,white_nonhispanic,never,1.0,never,45.0,40.0,53.33,5.0,16,28.0,83.33,28.47,66.67,76.07,38.8,stage_IVA,no,yes,alive,464,alive,4
FF518C,FF518C,LLU,12.93,27.8,97.77,9.46,3.52,4.07,3.73,9.1,21.71,13.22,2.57,22.43,6.82,83.33,782.86,75.42,87,female,asian,never,0.0,never,91.25,76.67,100.0,30.0,40,40.0,6.0,95.83,0.0,4.87,53.82,stage_IVA,no,no,death,419,death,3
FF519C,FF519C,LLU,0.0,1.46,39.66,0.0,0.0,0.59,2.1,4.07,2.68,0.0,0.88,15.75,4.6,41.67,138.46,111.62,67,male,white_hispanic,never,0.0,never,0.0,0.0,0.0,0.0,0,0.0,81.67,2.08,33.33,91.67,6.67,stage_IVB,no,no,alive,414,alive,4
FF520C,FF520C,LLU,0.0,0.0,27.61,0.0,0.0,0.07,6.91,2.77,67.52,0.0,0.0,25.17,1.11,41.07,279.27,0.0,64,female,white_nonhispanic,never,0.0,never,70.0,76.67,76.67,14.0,35,28.0,60.0,35.42,16.67,62.82,55.37,stage_IVA,yes,yes,death,234,death,3
FF521C,FF521C,LLU,4.42,16.19,66.53,0.0,0.23,1.72,2.2,2.77,7.39,663.14,1.02,12.17,3.58,40.47,184.09,292.61,50,male,black_nonhispanic,former,30.0,former,80.0,80.0,100.0,14.0,34,36.0,76.67,31.25,50.0,71.79,50.0,stage_III,no,no,alive,411,alive,3
FF522C,FF522C,LLU,27.76,1.46,50.11,0.0,0.0,1.54,15.13,6.19,19.13,5.43,1.3,50.3,6.13,46.79,276.99,524.89,62,male,asian,former,30.0,never,70.0,80.0,53.33,3.0,29,36.0,76.67,43.06,66.67,64.53,52.75,stage_IVB,yes,yes,death,125,death,5
FF523C,FF523C,LLU,7.59,18.85,107.23,0.0,1.72,2.22,13.17,6.48,6.66,21.5,3.29,34.28,8.02,69.11,930.46,693.31,73,male,white_hispanic,former,50.0,former,10.0,10.0,10.0,12.0,27,36.0,73.67,39.58,16.67,65.51,49.81,stage_IVB,yes,yes,alive,312,alive,6
FF525C,FF525C,LLU,15.46,0.0,60.94,0.0,0.0,2.35,1.88,2.77,7.21,0.0,0.0,10.26,3.58,58.24,873.34,189.8,80,female,white_nonhispanic,never,0.0,never,20.0,13.33,40.0,0.0,5,24.0,85.0,8.33,66.67,89.1,6.37,stage_II,no,no,alive,391,alive,1
FF526C,FF526C,LLU,35.09,76.39,68.89,28.03,32.72,3.89,2.1,3.78,14.34,32.39,8.76,8.8,3.25,63.37,991.28,325.51,63,male,white_nonhispanic,current,30.0,current,0.0,0.0,0.0,0.0,0,0.0,100.0,0.0,83.33,100.0,0.0,stage_I,no,no,alive,407,alive,1
FF527C,FF527C,LLU,49.17,51.69,80.3,105.74,38.94,5.36,4.4,3.53,110.1,47.64,53.43,27.56,20.22,51.91,562.57,243.39,59,male,white_nonhispanic,never,0.0,never,55.0,40.0,53.33,4.0,15,29.0,96.67,15.97,66.67,88.89,14.22,stage_IVA,yes,yes,alive,419,alive,4
P-001,P-001,UAB,16.13,71.75,30.12,20.41,2.2,75.53,4.71,7.41,26.83,9.79,,8.44,15.26,,230.18,60.78,51,male,white_nonhispanic,never,0.0,current,12.25,4.0,26.33,0.0,0,3.0,85.33,10.42,75.0,87.95,15.28,stage_IVB,yes,no,alive,1521,alive,3
P-002,P-002,UAB,45.21,77.65,30.12,21.55,2.49,122.72,6.73,8.74,11.17,13.73,,12.27,22.85,,319.22,81.83,79,male,white_nonhispanic,former,30.0,former,20.0,4.0,10.67,0.0,1,2.0,93.33,20.83,83.33,84.62,15.28,stage_IVA,no,no,alive,1594,alive,3
P-003,P-003,UAB,47.15,93.24,67.08,307.71,7.73,3483.0,149.54,163.45,91.61,12.8,,13.65,664.85,,462.03,53.98,50,male,white_nonhispanic,never,0.0,never,15.38,8.67,11.33,1.0,4,10.0,96.67,2.08,83.33,97.44,7.41,stage_II,no,no,alive,1629,alive,1
P-004,P-004,UAB,16.38,91.86,42.43,12.93,3.59,32.65,3.0,5.34,12.03,8.72,,15.85,7.46,,78.37,49.29,78,female,white_nonhispanic,former,,never,53.5,45.0,54.67,9.0,12,25.0,52.33,38.89,50.0,57.74,30.37,stage_IVA,yes,yes,death,761,alive,4
P-005,P-005,UAB,13.78,76.19,34.67,10.35,4.89,29.29,4.57,11.16,9.66,7.57,,27.83,10.54,,339.91,75.53,72,female,white_nonhispanic,current,75.0,never,89.0,76.67,100.0,17.0,33,40.0,43.67,54.17,33.33,45.0,57.16,stage_IVB,yes,yes,alive,1681,alive,4
P-006,P-006,UAB,44.13,89.59,42.75,15.8,3.36,86.36,4.27,8.58,11.24,8.09,,11.32,19.32,,375.93,41.34,30,male,white_nonhispanic,former,3.0,never,37.88,18.0,41.33,6.0,21,20.0,64.0,35.42,58.33,64.36,35.31,stage_II,no,no,alive,1646,alive,1
P-007,P-007,UAB,19.62,85.5,74.38,7.86,3.79,85.49,3.04,6.31,16.44,9.28,,17.73,14.93,,169.2,49.1,46,male,white_nonhispanic,current,30.0,never,30.63,18.67,31.0,7.0,13,21.0,70.67,33.33,75.0,68.21,21.14,stage_II,no,yes,alive,1618,alive,2
P-008,P-008,UAB,86.69,161.34,52.06,13.92,4.26,40.39,9.65,10.26,16.19,9.69,,17.91,15.69,,219.85,76.8,66,male,white_nonhispanic,former,,former,74.88,48.33,92.0,17.0,28,34.0,62.0,61.11,83.33,48.52,71.17,stage_IVA,no,yes,alive,1420,alive,4
P-009,P-009,UAB,48.81,119.85,69.72,14.38,3.51,62.07,3.33,5.67,17.88,9.42,,16.71,14.21,,302.67,66.75,33,male,white_nonhispanic,former,,never,42.0,17.67,52.67,2.0,14,10.0,82.33,20.14,83.33,80.81,21.3,stage_I,no,no,alive,1091,alive,1
P-014,P-014,UAB,19.8,109.22,45.44,9.99,5.68,49.34,6.85,8.01,19.38,10.57,,21.16,10.17,,174.0,43.62,75,male,white_nonhispanic,former,,never,8.63,4.67,15.67,1.0,1,2.0,90.0,6.25,66.67,92.31,21.67,stage_IVA,no,yes,death,365,death,4
P-015,P-015,UAB,23.34,128.97,43.24,29.53,4.48,326.62,15.87,18.97,31.88,9.69,,13.53,56.89,,341.43,65.65,69,male,white_nonhispanic,never,0.0,never,8.13,5.0,10.0,0.0,0,14.0,100.0,0.0,91.67,100.0,13.09,stage_II,no,no,alive,1532,alive,2
P-016,P-016,UAB,20.27,133.75,51.57,12.76,4.62,87.51,3.04,7.25,12.94,10.07,,15.76,15.34,,127.2,54.54,60,female,asian,former,,never,67.57,26.0,99.33,2.0,3,26.0,83.33,23.02,33.33,79.63,22.67,stage_II,no,yes,death,273,death,2
P-017,P-017,UAB,14.63,86.87,42.99,7.98,2.78,41.54,3.58,3.56,7.34,8.2,,12.28,7.58,,281.11,67.31,59,male,white_nonhispanic,current,80.0,current,100.0,100.0,100.0,20.0,40,40.0,25.0,77.08,0.0,23.72,75.0,stage_II,no,yes,alive,1267,alive,2
P-018,P-018,UAB,15.95,96.93,58.68,10.05,3.72,78.85,5.55,8.2,12.09,7.86,,13.39,11.74,,122.46,39.05,53,male,white_nonhispanic,former,,never,32.5,24.33,44.67,7.0,7,7.0,87.67,9.03,66.67,89.7,18.7,stage_IVA,no,no,alive,1235,alive,2
P-019,P-019,UAB,18.87,92.28,75.12,12.3,4.65,87.51,3.12,11.52,13.42,9.71,,21.72,12.36,,106.91,57.7,62,female,white_nonhispanic,never,0.0,never,4.25,3.0,6.33,0.0,0,2.0,93.67,8.33,83.33,92.44,,stage_I,no,no,alive,1049,alive,0
P-020,P-020,UAB,31.88,104.1,93.51,162.03,5.44,1809.0,65.96,70.32,48.28,14.09,,19.39,273.92,,100.12,47.22,73,male,white_nonhispanic,former,,never,78.75,56.67,100.0,22.0,34,32.5,12.67,64.58,0.0,26.67,47.99,stage_IVB,no,yes,death,61,death,4
P-021,P-021,UAB,48.91,95.61,76.1,10.65,3.76,14.15,4.48,14.0,13.54,9.3,,18.33,14.01,,156.02,48.35,57,male,black_nonhispanic,former,,former,29.25,34.0,29.67,18.0,20,20.0,74.33,36.81,50.0,67.48,65.93,stage_IVB,yes,yes,death,61,death,5
P-022,P-022,UAB,28.66,108.59,62.11,38.36,4.28,208.05,11.9,9.28,28.74,14.14,,16.52,27.27,,138.01,27.81,54,male,white_nonhispanic,never,45.0,never,0.0,0.0,0.0,0.0,0,0.0,96.67,0.0,66.67,98.72,2.22,stage_IVA,no,no,alive,1382,alive,2
P-023,P-023,UAB,22.38,91.61,64.57,123.03,5.03,1106.0,52.01,50.31,53.84,11.33,,21.1,161.4,,98.97,47.22,73,male,white_nonhispanic,never,68.0,current,51.88,37.33,66.0,12.0,21,15.0,71.0,29.17,41.67,70.9,27.08,stage_III,no,yes,alive,1421,alive,4
P-024,P-024,UAB,124.14,67.04,34.68,15.12,3.48,34.93,2.24,6.94,17.82,10.65,,21.54,10.06,,97.07,59.93,59,male,white_nonhispanic,former,,never,48.75,21.67,50.0,16.0,32,24.0,57.33,43.75,33.33,56.67,36.27,stage_IVB,no,yes,death,1066,alive,3
P-026,P-026,UAB,36.04,135.53,114.31,201.62,7.15,1647.0,75.92,68.26,97.29,15.64,,13.87,297.33,,181.5,63.07,52,male,white_nonhispanic,never,0.0,former,44.5,7.0,56.67,,,19.0,90.67,24.31,58.33,81.45,17.75,stage_II,no,yes,alive,1294,alive,2
P-027,P-027,UAB,17.48,68.51,32.0,80.85,3.13,666.29,30.62,35.81,38.58,8.77,,15.03,142.34,,103.15,106.41,67,female,white_nonhispanic,never,0.0,never,57.5,45.0,66.67,0.0,24,18.0,81.67,20.14,83.33,80.56,21.67,stage_I,no,yes,alive,1370,alive,2
P-029,P-029,UAB,42.44,88.23,51.57,41.87,3.6,381.83,14.98,20.2,17.76,10.18,,18.43,73.54,,113.63,52.67,66,male,white_nonhispanic,never,5.0,former,80.63,68.33,83.33,14.0,25,19.0,58.33,28.47,0.0,66.45,62.41,stage_IVA,yes,yes,death,306,death,5
P-030,P-030,UAB,31.51,111.75,103.55,18.91,4.41,158.76,6.47,11.76,14.39,9.32,,13.55,28.14,,139.79,23.06,43,female,white_nonhispanic,never,0.0,current,0.0,0.0,0.0,2.0,1,3.0,93.67,4.17,91.67,95.0,9.72,stage_I,no,no,alive,1197,alive,0
P-031,P-031,UAB,41.15,79.96,32.49,10.29,3.65,67.28,2.8,6.46,11.49,6.89,,12.44,18.22,,91.69,23.86,61,male,white_nonhispanic,current,55.0,current,0.0,0.0,0.0,10.0,15,18.0,68.0,34.72,33.33,66.32,43.98,stage_IVB,yes,no,alive,1196,alive,3
P-032,P-032,UAB,11.11,77.15,41.77,9.81,4.34,62.07,4.22,8.13,15.59,8.07,,13.87,13.7,,89.75,93.94,63,male,white_nonhispanic,former,50.0,former,77.63,64.33,87.0,13.0,34,36.0,56.33,36.11,25.0,60.98,57.04,stage_IVB,yes,yes,death,334,death,4
P-034,P-034,UAB,19.58,108.59,117.74,22.2,9.51,132.87,7.15,10.21,14.63,8.4,,20.9,20.12,,151.47,38.47,79,female,white_nonhispanic,never,0.0,never,25.25,11.67,22.33,0.0,0,4.0,96.67,7.64,58.33,94.02,1.96,stage_I,no,no,alive,1291,alive,1
P-035,P-035,UAB,21.88,107.31,76.34,95.27,5.58,770.37,32.44,54.59,28.38,12.21,,19.16,121.09,,105.41,36.55,65,female,white_nonhispanic,former,20.0,former,67.25,57.67,71.67,15.0,13,21.0,51.0,43.06,41.67,54.66,52.59,stage_IVB,no,yes,death,762,alive,3
P-036,P-036,UAB,15.43,169.08,96.2,18.3,10.25,64.38,5.65,5.5,18.96,11.92,,62.35,24.51,,535.65,3497.0,80,female,white_nonhispanic,former,15.0,never,1.25,0.0,0.0,0.0,0,0.0,97.33,12.5,91.67,91.28,5.39,stage_IVA,no,yes,alive,425,alive,3
P-037,P-037,UAB,19.84,85.5,55.49,64.18,4.21,447.56,20.92,31.06,28.97,9.51,,13.31,70.85,,341.43,72.43,51,female,white_nonhispanic,current,37.0,former,11.88,13.33,11.67,0.0,20,22.0,51.67,56.94,83.33,46.37,34.66,stage_IVA,yes,yes,alive,1099,alive,3
P-038,P-038,UAB,53.27,137.3,76.83,366.08,11.17,2776.0,123.5,116.5,156.67,15.48,,19.13,510.0,,133.35,49.48,60,male,white_nonhispanic,current,1.0,current,20.0,26.67,25.0,11.0,19,10.0,68.33,27.08,83.33,71.15,36.57,stage_IVA,no,no,death,761,alive,2
P-039,P-039,UAB,31.09,98.9,56.23,134.49,4.29,1174.0,45.3,66.8,28.38,10.09,,11.99,184.56,,188.94,27.02,79,male,white_nonhispanic,former,45.0,current,1.25,3.33,0.0,4.5,4,5.5,90.0,15.97,75.0,86.32,20.43,stage_I,no,no,alive,1077,alive,2
3,S0003,UAB,15.69,54.92,31.01,7.24,2.74,20.54,0.0,2.57,9.28,4.77,,9.87,5.76,,62.64,34.54,69,male,white_nonhispanic,current,,current,,,,,,,,,,,,stage_II,yes,yes,death,761,alive,4
4,S0004,UAB,9.74,52.36,40.56,8.75,2.19,25.69,2.19,5.05,12.59,5.22,,9.44,7.43,,106.65,57.63,62,male,white_nonhispanic,current,,current,,,,,,,,,,,,stage_III,no,yes,death,792,alive,3
5,S0005,UAB,8.48,47.15,106.05,9.96,2.49,42.41,3.16,5.94,11.05,6.09,,18.65,8.66,,74.71,158.9,26,female,white_nonhispanic,former,,never,,,,,,,,,,,,stage_III,yes,yes,alive,1917,alive,3
7,S0007,UAB,15.79,83.26,33.14,12.13,2.71,141.3,2.36,3.88,14.76,5.74,,10.77,9.55,,173.81,58.84,52,male,white_nonhispanic,never,,current,,,,,,,,,,,,stage_II,no,no,alive,1770,alive,1
8,S0008,UAB,60.44,76.63,24.98,8.16,0.0,27.84,2.3,3.87,13.96,6.02,,7.7,5.62,,222.45,60.05,61,female,black_nonhispanic,former,,never,,,,,,,,,,,,stage_II,no,no,death,1064,alive,1
9,S0009,UAB,50.68,80.9,41.26,79.14,3.28,528.44,24.19,35.08,33.21,5.95,,9.48,99.68,,322.11,70.13,57,female,white_nonhispanic,former,,current,,,,,,,,,,,,stage_II,no,no,alive,1714,alive,0
10,S0010,UAB,90.26,67.44,19.29,10.32,0.0,39.42,2.02,3.41,9.5,6.09,,7.88,7.77,,464.45,142.7,72,male,black_nonhispanic,former,,current,,,,,,,,,,,,stage_III,no,no,alive,1770,alive,4
11,S0011,UAB,10.33,49.76,33.49,13.95,2.25,55.99,3.15,4.65,17.04,6.46,,10.22,9.95,,157.21,26.37,64,male,white_nonhispanic,former,,current,,,,,,,,,,,,stage_IVB,yes,yes,alive,1841,alive,4
12,S0012,UAB,10.94,42.37,23.2,6.76,0.0,49.22,2.1,10.65,15.96,4.18,,22.85,4.1,,53.62,97.74,64,male,white_nonhispanic,former,,current,,,,,,,,,,,,stage_III,no,no,alive,357,alive,2
13,S0013,UAB,70.67,69.88,25.69,7.62,0.0,21.83,0.0,3.26,7.22,4.01,,7.88,4.99,,432.91,71.65,44,male,asian,never,,current,,,,,,,,,,,,stage_IVB,yes,yes,death,426,death,5
14,S0014,UAB,132.89,78.54,14.31,8.05,0.0,22.47,0.0,2.59,7.9,4.18,,9.35,4.07,,501.29,52.41,55,female,asian,never,,current,,,,,,,,,,,,stage_IVB,no,yes,death,242,death,3
16,S0016,UAB,52.23,62.49,29.6,11.31,0.0,50.06,2.65,6.06,14.42,5.35,,13.3,10.63,,329.69,106.05,60,male,white_nonhispanic,never,,never,,,,,,,,,,,,stage_II,no,yes,alive,1807,alive,2
17,S0017,UAB,12.22,75.2,57.05,8.85,2.25,30.2,2.46,7.81,9.16,5.81,,13.99,6.25,,205.0,70.97,56,male,white_nonhispanic,current,,never,,,,,,,,,,,,stage_III,no,no,alive,1461,alive,2
18,S0018,UAB,217.19,32.53,12.71,73.44,0.0,529.25,8.63,30.73,16.24,6.81,,14.16,70.73,,527.9,77.88,74,female,white_nonhispanic,former,,never,,,,,,,,,,,,stage_IVB,yes,yes,death,424,death,4
19,S0019,UAB,11.18,49.24,35.79,7.14,0.0,18.61,0.0,3.98,7.56,5.32,,7.88,4.28,,142.59,31.41,40,male,white_nonhispanic,former,,current,,,,,,,,,,,,stage_I,no,no,alive,389,alive,1
20,S0020,UAB,15.88,54.92,17.86,16.39,1.85,88.63,4.54,7.51,13.27,6.21,,13.53,13.42,,372.74,122.82,70,male,white_nonhispanic,former,,current,,,,,,,,,,,,stage_III,no,yes,death,577,death,4
22,S0022,UAB,102.16,92.98,24.98,9.22,2.07,31.28,0.0,6.92,11.1,5.86,,10.94,7.15,,264.95,68.6,53,male,others,never,,never,,,,,,,,,,,,stage_IVB,yes,yes,alive,1664,alive,5
23,S0023,UAB,32.85,67.93,26.94,9.64,0.0,35.35,2.5,4.14,10.13,4.4,,8.23,14.17,,254.08,100.52,58,male,white_nonhispanic,current,,never,,,,,,,,,,,,stage_IVA,no,yes,alive,1712,alive,3
24,S0024,UAB,96.49,67.93,28.71,7.95,0.0,23.76,2.29,6.67,9.39,4.77,,13.65,4.85,,191.62,85.05,68,male,white_nonhispanic,former,,current,,,,,,,,,,,,stage_II,no,no,alive,1623,alive,2
25,S0025,UAB,29.12,33.64,27.11,5.66,0.0,42.41,0.0,4.8,8.13,3.02,,6.92,3.57,,139.64,32.15,29,male,others,never,,never,,,,,,,,,,,,stage_III,no,yes,alive,1697,alive,4
26,S0026,UAB,15.85,62.99,58.79,10.37,0.0,31.71,0.0,4.88,9.45,5.32,,14.54,8.05,,155.03,89.35,64,female,white_nonhispanic,former,,never,,,,,,,,,,,,stage_I,no,no,alive,1476,alive,0
27,S0027,UAB,12.37,51.32,56.35,9.22,1.85,28.7,0.0,5.86,14.3,6.27,,8.05,5.34,,217.58,89.35,54,female,white_nonhispanic,former,,current,,,,,,,,,,,,stage_III,no,no,alive,1460,alive,1
28,S0028,UAB,6.55,31.97,11.82,5.16,0.0,13.29,2.09,0.0,6.93,2.96,,12.66,2.92,,138.17,59.36,68,male,white_nonhispanic,never,,current,,,,,,,,,,,,stage_I,yes,yes,alive,1721,alive,4
29,S0029,UAB,10.0,52.87,61.24,6.65,0.0,40.91,3.03,4.8,8.65,4.1,,11.54,3.71,,156.12,123.14,67,male,white_nonhispanic,never,,never,,,,,,,,,,,,stage_II,no,yes,death,184,death,3
31,S0031,UAB,24.16,77.11,33.85,63.54,3.02,409.46,20.25,30.95,24.23,6.72,,6.78,87.1,,130.01,24.86,71,female,black_nonhispanic,never,,never,,,,,,,,,,,,stage_IVB,no,yes,death,563,death,4
33,S0033,UAB,13.09,47.67,21.07,6.32,0.0,21.4,0.0,2.95,7.9,4.29,,7.22,4.85,,147.73,50.48,72,male,white_nonhispanic,never,,never,,,,,,,,,,,,stage_II,no,no,alive,1561,alive,2
34,S0034,UAB,133.79,112.21,98.65,11.92,2.85,34.92,2.47,6.2,14.19,7.49,,11.92,8.05,,231.44,42.86,48,male,white_nonhispanic,current,,current,,,,,,,,,,,,stage_III,no,no,alive,1637,alive,2
35,S0035,UAB,34.06,89.76,149.41,70.0,4.08,461.39,20.63,24.4,41.55,9.16,,14.79,58.35,,74.71,44.47,73,male,white_nonhispanic,never,,current,,,,,,,,,,,,stage_II,no,no,alive,1675,alive,2
37,S0037,UAB,18.03,54.92,31.72,7.84,2.36,21.83,0.0,2.67,10.31,4.92,,7.81,4.99,,142.59,26.75,57,male,white_nonhispanic,current,,current,,,,,,,,,,,,stage_I,no,no,alive,1661,alive,1
38,S0038,UAB,39.03,67.44,20.36,9.01,0.0,21.4,0.0,4.28,9.22,5.12,,9.7,6.11,,108.94,51.54,77,female,white_nonhispanic,never,,never,,,,,,,,,,,,stage_II,no,no,alive,1639,alive,1
39,S0039,UAB,74.79,38.59,14.66,4.87,0.0,15.41,5.22,10.1,11.9,2.96,,11.67,2.56,,69.11,67.58,74,male,white_nonhispanic,current,,never,,,,,,,,,,,,stage_IVA,no,yes,alive,1111,alive,4
41,S0041,UAB,67.68,99.78,454.35,208.74,38.86,1226.0,70.6,71.12,78.8,14.21,,18.74,319.81,,262.24,48.02,46,male,white_nonhispanic,current,,never,,,,,,,,,,,,stage_IVA,no,no,alive,1638,alive,2
42,S0042,UAB,24.02,88.84,57.92,180.74,5.25,981.56,64.87,67.07,67.58,9.18,,14.07,211.96,,77.1,36.01,63,male,white_nonhispanic,former,,current,,,,,,,,,,,,stage_III,yes,yes,alive,1644,alive,4
43,S0043,UAB,36.39,71.82,48.29,131.97,4.73,908.08,36.14,51.37,37.41,8.02,,17.54,147.03,,250.32,71.65,70,male,white_nonhispanic,former,,current,,,,,,,,,,,,stage_IVA,yes,no,alive,1577,alive,4
44,S0044,UAB,63.75,75.68,97.45,210.13,5.94,1530.0,66.32,58.85,98.59,9.4,,12.52,173.23,,356.73,71.52,30,male,white_nonhispanic,never,,never,,,,,,,,,,,,stage_III,yes,yes,alive,1484,alive,4
45,S0045,UAB,14.36,76.19,34.21,10.84,2.04,37.33,3.3,3.72,11.77,8.38,,14.22,7.01,,348.03,37.48,83,male,white_nonhispanic,never,,never,,,,,,,,,,,,stage_I,no,no,alive,1525,alive,2
46,S0046,UAB,29.59,98.72,49.77,56.02,21.42,76.84,5.08,11.14,20.32,9.57,,22.97,12.24,,265.97,79.53,50,male,white_nonhispanic,current,,current,,,,,,,,,,,,stage_II,no,no,alive,20,alive,1
47,S0047,UAB,15.96,80.55,36.72,20.25,3.02,78.79,5.18,8.12,15.0,10.08,,13.77,14.62,,457.6,70.88,77,male,white_nonhispanic,former,,current,,,,,,,,,,,,stage_I,no,no,death,184,death,2
48,S0048,UAB,171.8,100.08,44.72,201.6,7.06,1837.0,72.7,78.7,70.8,13.42,,21.49,290.67,,497.56,54.65,81,male,white_nonhispanic,former,,never,,,,,,,,,,,,stage_IVB,no,no,alive,1619,alive,3
49,S0049,UAB,98.95,98.72,40.37,14.58,5.11,44.98,3.32,8.54,8.4,11.28,,15.85,12.79,,687.67,51.77,61,female,white_nonhispanic,former,,never,,,,,,,,,,,,stage_IVB,no,yes,death,198,death,2
50,S0050,UAB,38.38,94.62,61.76,220.55,6.02,1837.0,89.03,93.74,84.45,12.55,,13.92,339.32,,549.88,98.91,50,male,white_nonhispanic,current,,never,,,,,,,,,,,,stage_III,yes,no,alive,1623,alive,3
51,S0051,UAB,12.14,91.17,68.01,15.12,1.86,65.08,3.18,9.87,9.26,7.57,,12.15,11.7,,165.93,44.36,42,female,white_nonhispanic,current,,current,,,,,,,,,,,,stage_IVA,yes,yes,alive,1598,alive,3
52,S0052,UAB,37.69,143.51,43.8,18.25,3.0,45.97,2.22,7.46,13.35,9.76,,14.66,11.04,,364.22,266.28,71,male,white_nonhispanic,never,,never,,,,,,,,,,,,stage_IVA,no,yes,death,595,death,4
53,S0053,UAB,17.35,92.55,51.15,13.85,3.3,46.31,2.19,5.31,12.03,10.16,,16.38,10.82,,176.42,122.71,59,male,white_nonhispanic,former,,never,,,,,,,,,,,,stage_II,no,yes,alive,1584,alive,2
54,S0054,UAB,23.76,73.23,47.93,28.13,4.08,47.3,4.93,10.35,18.35,13.23,,23.31,10.05,,346.87,84.75,71,male,white_nonhispanic,former,,never,,,,,,,,,,,,stage_I,no,no,alive,1597,alive,2
55,S0055,UAB,31.35,67.22,27.4,17.91,1.96,44.65,3.42,9.58,11.5,8.41,,9.3,10.49,,466.72,29.01,73,female,white_nonhispanic,never,,never,,,,,,,,,,,,stage_IVB,yes,yes,death,184,death,4
56,S0056,UAB,20.42,108.1,47.93,160.81,5.38,1369.0,42.65,61.72,36.48,11.51,,18.91,239.15,,843.29,71.95,57,female,white_nonhispanic,never,,never,,,,,,,,,,,,stage_III,yes,no,alive,1501,alive,2
58,S0058,UAB,20.29,95.99,73.35,14.76,4.38,108.89,5.15,6.48,11.37,10.26,,14.9,12.14,,129.62,115.38,67,female,white_nonhispanic,never,,never,,,,,,,,,,,,stage_IVA,no,yes,alive,1430,alive,3
59,S0059,UAB,20.59,65.7,28.31,9.76,2.32,149.9,2.08,3.55,9.0,7.97,,8.75,9.04,,281.62,93.81,36,female,white_nonhispanic,never,,never,,,,,,,,,,,,stage_I,no,no,alive,1533,alive,0
60,S0060,UAB,17.97,71.75,40.37,8.75,0.0,30.63,1.84,4.79,9.26,7.07,,10.82,6.32,,238.18,92.79,68,male,white_nonhispanic,current,,current,,,,,,,,,,,,stage_IVA,no,no,alive,1539,alive,3
61,S0061,UAB,16.87,62.61,86.17,60.86,2.95,310.47,15.36,27.19,33.59,12.8,,17.71,59.36,,102.29,27.57,68,female,white_nonhispanic,former,,never,,,,,,,,,,,,stage_IVA,no,no,death,822,alive,2
62,S0062,UAB,125.28,90.47,82.67,281.57,9.94,2084.0,81.66,102.5,81.45,18.45,,25.21,435.9,,449.57,167.69,70,female,white_nonhispanic,never,,never,,,,,,,,,,,,stage_I,no,no,alive,1555,alive,1
63,S0063,UAB,14.91,114.65,41.52,12.09,3.22,33.99,0.0,3.4,6.88,8.57,,9.61,8.48,,176.42,30.91,72,male,white_nonhispanic,never,,current,,,,,,,,,,,,stage_III,no,no,alive,1511,alive,3
64,S0064,UAB,11.47,64.16,21.51,10.06,0.0,24.56,4.16,8.59,9.52,7.5,,11.67,4.94,,412.76,44.81,81,male,white_nonhispanic,former,,never,,,,,,,,,,,,stage_IVA,yes,yes,death,184,death,5
65,S0065,UAB,17.42,59.48,31.48,9.06,2.53,32.65,0.0,3.21,7.74,8.72,,16.97,7.07,,254.48,145.52,59,male,white_nonhispanic,former,,never,,,,,,,,,,,,stage_I,no,no,death,334,death,1
66,S0066,UAB,57.33,80.55,39.69,33.06,3.18,172.49,8.79,11.69,17.56,9.97,,15.02,30.43,,273.83,137.78,70,male,white_nonhispanic,former,,never,,,,,,,,,,,,stage_II,no,yes,alive,1518,alive,3
68,S0068,UAB,18.94,87.67,60.37,17.56,4.55,83.67,4.57,3.95,12.29,9.84,,18.93,11.04,,213.12,40.94,71,male,white_nonhispanic,never,,never,,,,,,,,,,,,stage_IVA,no,no,alive,1428,alive,3
69,S0069,UAB,20.01,86.26,44.72,15.3,4.65,98.89,4.16,12.11,12.43,8.92,,14.1,9.38,,217.61,65.96,40,male,white_nonhispanic,current,,never,,,,,,,,,,,,stage_IVA,no,yes,death,1219,alive,3
70,S0070,UAB,16.46,73.98,43.8,11.99,2.67,79.44,2.33,8.97,8.2,9.24,,16.41,8.59,,342.79,159.13,58,female,white_nonhispanic,former,,current,,,,,,,,,,,,stage_II,yes,no,alive,1463,alive,1
71,S0071,UAB,19.87,73.23,57.6,28.2,7.2,46.64,2.54,4.99,10.84,10.13,,9.97,10.27,,234.2,43.68,26,male,white_nonhispanic,former,,current,,,,,,,,,,,,stage_I,no,no,alive,1505,alive,1
72,S0072,UAB,24.98,68.74,55.29,11.42,3.02,50.61,2.01,3.51,8.07,8.81,,10.09,8.48,,269.75,18.76,65,male,white_nonhispanic,former,,current,,,,,,,,,,,,stage_I,no,no,alive,1309,alive,2
74,S0074,UAB,15.53,98.72,34.9,14.76,2.85,46.64,2.58,4.69,9.39,9.24,,12.69,10.82,,138.55,108.79,70,female,white_nonhispanic,never,,current,,,,,,,,,,,,stage_III,yes,yes,alive,1460,alive,4
75,S0075,UAB,18.12,100.08,45.64,22.83,3.22,113.08,5.52,7.97,10.84,9.52,,13.77,21.11,,258.33,35.15,53,female,white_nonhispanic,former,,never,,,,,,,,,,,,stage_I,no,no,alive,1470,alive,0
76,S0076,UAB,61.9,122.36,103.74,552.31,15.62,5864.0,199.75,208.34,168.84,18.23,,19.66,855.53,,289.94,91.56,60,female,white_nonhispanic,never,,never,,,,,,,,,,,,stage_IVB,yes,yes,death,882,alive,3
77,S0077,UAB,18.86,91.86,71.49,22.67,5.42,146.71,18.96,12.67,82.12,10.9,,26.21,19.05,,234.2,65.32,74,female,white_nonhispanic,never,,never,,,,,,,,,,,,stage_II,no,no,alive,1273,alive,1
78,S0078,UAB,12.99,66.46,51.61,9.46,2.89,28.61,2.28,8.89,7.41,9.54,,13.77,7.24,,144.61,55.09,60,male,white_nonhispanic,former,,never,,,,,,,,,,,,stage_III,yes,yes,alive,1250,alive,4
79,S0079,UAB,13.66,75.02,40.79,8.96,3.81,38.38,5.04,4.5,12.45,6.71,,16.65,11.06,,158.81,21.47,71,male,white_nonhispanic,current,,current,,,,,,,,,,,,stage_II,no,no,alive,1183,alive,2
80,S0080,UAB,22.08,96.27,89.09,29.93,3.88,257.05,10.83,12.75,24.33,10.74,,11.46,47.86,,69.53,37.13,50,female,white_nonhispanic,never,,current,,,,,,,,,,,,stage_I,no,no,alive,1114,alive,0
